FID;Join_Count;TARGET_FID;Id;Name;Elevation;GPS;Photos;Date;Position;Provenance;Longueur__;Largeur__m;Hauteur__m;Volume;Densité;F__Troncs;F__Branche;F__Racines;Secteur;Commentair;ObjectID;Id_1;Input_FID;Id_12;ORIG_FID;Id_12_13;lenght;type;annee;troncon;Distance
;1;;334;333;;333;;;Ch;P;8;1.4;1;1.12;M;80;10;10;RG;;332;;49;;;;8806;cp;2016;5;25000
1;1;1;335;334;;334;;;Bc;P;9.5;1.3;1.2;1.482;F;80;15;5;RG;;333;;49;;;;8806;cp;2016;5;25000
2;1;2;336;335;;335;2903;;Bc;D;6.7;1.5;0.5;0.5025;F;95;5;;RG;;334;;50;;;;8806;cp;2016;5;25500
3;1;3;337;336;;336;2904;;Bc;D;11.5;0.4;0.7;0.322;F;95;5;;RG;;335;;50;;;;8806;cp;2016;5;25500
4;1;4;338;337;;337;2905;;Bc;M;9.6;1.6;0.7;1.0752;F;90;10;;RG;;336;;50;;;;8806;cp;2016;5;25500
5;1;5;339;338;;338;2906;;Ch;D;10.3;1.1;0.7;0.7931;F;90;10;;RD;;337;;49;;;;8806;cp;2016;5;25000
6;1;6;340;339;;339;2909;;Ch;M;11;2.7;1.4;4.158;M;90;5;5;RD;;338;;50;;;;8806;cp;2016;5;25500
7;1;7;341;340;;340;2910;;Ch;P;5.4;2.1;1.1;1.2474;M;80;15;5;RD;;339;;50;;;;8806;cp;2016;5;25500
8;1;8;342;341;;341;2912;;Ch;M;19.8;2.4;0.9;4.2768;M;90;5;5;RG;;340;;50;;;;8806;cp;2016;5;25500
9;1;9;343;342;;342;2913;;Ch;M;17.2;2.5;1.1;4.73;M;95;5;;RD;2913 intéressant cicatrice;341;;51;;;;8806;cp;2016;5;26000
10;1;10;344;343;;343;2916;;Ch;M;12.5;2.8;1;3.5;F;90;5;5;RD;;342;;51;;;;8806;cp;2016;5;26000
11;1;11;345;344;;344;;;Ch;M;13.4;2;0.9;2.412;F;80;10;10;RD;;343;;51;;;;8806;cp;2016;5;26000
12;1;12;346;345;;345;2921;;Ch;P;8.4;3.1;1.3;3.3852;F;80;10;10;RD;2920. 2922 glace;344;;51;;;;8806;cp;2016;5;26000
13;1;13;347;346;;346;2923;;Ch;M;17.5;3.5;1.3;7.9625;M;80;;;RD;;345;;51;;;;8806;cp;2016;5;26000
14;1;14;348;347;;347;2925;;Ch;P;10.9;2.1;0.5;1.1445;F;80;10;10;RD;;346;;52;;;;8806;cp;2016;5;26500
15;1;15;349;348;;348;2926;;Ch;D;10.1;5.6;2.2;12.4432;E;90;5;5;RG;CS;347;;52;;;;8806;cp;2016;5;26500
16;1;16;350;349;;349;2927;;Ch;D;9;4.6;1.5;6.21;E;90;5;5;RG;;348;;52;;;;8806;cp;2016;5;26500
17;1;17;351;350;;350;2928;;Pl;D;23.1;4.8;1.7;18.8496;M;80;10;10;RG;;349;;52;;;;8806;cp;2016;5;26500
18;1;18;352;351;;351;2929;;Ch;D;4.5;3.8;1.1;1.881;M;90;5;5;RG;;350;;52;;;;8806;cp;2016;5;26500
19;1;19;353;352;;352;2930;;Ch;M;17.7;1;0.7;1.239;F;90;5;5;RG;;351;;53;;;;8806;cp;2016;5;27000
20;1;20;354;353;;353;2931;;Bc;M;40.6;11.9;1.3;62.8082;M;80;10;10;RG;;352;;53;;;;8806;cp;2016;5;27000
21;1;21;355;354;;354;2932;;Bc;D;17;18;1;30.6;E;90;5;5;C;;353;;53;;;;8806;cp;2016;5;27000
22;1;22;356;355;;355;2933;;Bc;D;14;5;0.7;4.9;F;90;5;5;C;;354;;53;;;;8806;cp;2016;5;27000
23;1;23;357;356;;356;2935;;Bc;D;13;4;0.9;4.68;M;90;5;5;C;;355;;53;;;;8806;cp;2016;5;27000
24;1;24;358;357;;357;2936;;Ch;D;5.9;1.7;0.8;0.8024;M;90;5;5;RD;;356;;53;;;;8806;cp;2016;5;27000
25;1;25;359;358;;358;2937;;Ch;M;17.2;18;1.5;46.44;E;80;10;10;RD;;357;;53;;;;8806;cp;2016;5;27000
26;1;26;360;359;;359;2938;;Ch;D;5.1;2;0.8;0.816;F;95;;5;RD;;358;;53;;;;8806;cp;2016;5;27000
27;1;27;361;360;;360;2939;;Ch;M;8;3.6;0.7;2.016;F;95;;5;RD;;359;;53;;;;8806;cp;2016;5;27000
28;1;28;362;361;;361;2940;;Bc;D;12.5;7.2;0.8;7.2;F;90;5;5;C;;360;;53;;;;8806;cp;2016;5;27000
29;1;29;363;362;;362;2941;;Pl;D;92.6;24;1.9;422.256;E;90;5;5;RG;CS;361;;53;;;;8806;cp;2016;5;27000
30;1;30;364;363;;363;2942;;Pl;D;28.5;4.1;1.2;14.022;M;90;5;5;RG;;362;;54;;;;8806;cp;2016;5;27500
31;1;31;365;364;;364;2943;;Pl;M;6.5;2.2;1.5;2.145;M;80;10;10;RG;;363;;54;;;;8806;cp;2016;5;27500
32;1;32;366;365;;365;2944;;Ch;D;40;4;1.1;17.6;M;95;5;;RD;Enfouie;364;;54;;;;8806;cp;2016;5;27500
33;1;33;367;366;;366;2945;;Bc;M;11.6;2.9;1;3.364;F;95;;5;RG;;365;;54;;;;8806;cp;2016;5;27500
34;1;34;368;367;;367;2946;;Bc;D;9.1;3.6;0.6;1.9656;M;90;5;5;RD;;366;;54;;;;8806;cp;2016;5;27500
35;1;35;369;368;;368;2947;;Bc;D;9.4;3.6;1.1;3.7224;E;80;20;;RD;;367;;55;;;;8806;cp;2016;5;28000
36;1;36;370;369;;369;2948;;Pl;M;16.7;1.7;0.8;2.2712;M;90;5;5;RD;;368;;55;;;;8806;cp;2016;5;28000
37;1;37;371;370;;370;2949;;Bc;D;15.8;9;1.1;15.642;E;90;10;;RD;;369;;55;;;;8806;cp;2016;5;28000
38;1;38;372;371;;371;2950;;Bc;D;12.4;6.2;0.7;5.3816;E;90;10;;RD;;370;;55;;;;8806;cp;2016;5;28000
39;1;39;373;372;;372;2951;;Pl;D;12.2;1.8;0.8;1.7568;F;90;5;5;RG;;371;;55;;;;8806;cp;2016;5;28000
40;1;40;374;373;;373;2952;;Pl;M;6.6;2.4;0.6;0.9504;F;90;5;5;RG;;372;;55;;;;8806;cp;2016;5;28000
41;1;41;375;374;;374;2953;;Ch;M;11.4;2.6;0.4;1.1856;F;90;5;5;RG;;373;;55;;;;8806;cp;2016;5;28000
42;1;42;376;375;;375;2954;;Bc;M;15.3;2.8;0.6;2.5704;M;75;15;10;RG;;374;;56;;;;8806;cp;2016;5;28500
43;1;43;377;376;;376;2955;;Ch;M;22;8.5;1.2;22.44;E;80;10;10;RD;Secteur à cicatrice ? 3 en tout 2956;375;;56;;;;8806;cp;2016;5;28500
44;1;44;378;377;;377;2957;;Bc;D;13.5;1.8;0.3;0.729;F;95;;5;RG;;376;;56;;;;8806;cp;2016;5;28500
45;1;45;379;378;;378;2958;;Pl;D;15.4;2;0.4;1.232;F;95;5;;RG;;377;;56;;;;8806;cp;2016;5;28500
46;1;46;380;379;;379;2959;;Ch;D;150;22.6;1.9;644.1;E;90;10;10;RD;;378;;56;;;;8806;cp;2016;5;28500
47;1;47;381;380;;380;2961;;Bc;D;12.3;25.2;1.7;52.6932;E;90;5;5;RG;;379;;57;;;;8806;cp;2016;5;29000
48;1;48;382;381;;381;2960;;Bc;M;7;6.8;1.2;5.712;M;80;10;10;RD;;380;;57;;;;8806;cp;2016;5;29000
49;1;49;383;382;;382;;;Ch;M;9.7;4.2;1.1;4.4814;M;80;10;10;RD;;381;;57;;;;8806;cp;2016;5;29000
50;1;50;384;383;;383;2962;;Bc;D;10;2.6;0.4;1.04;M;95;5;;RG;;382;;57;;;;8806;cp;2016;5;29000
51;1;51;385;384;;384;2963;;Bc;D;3.7;1.2;0.4;0.1776;F;90;5;5;RG;;383;;57;;;;8806;cp;2016;5;29000
52;1;52;386;385;;385;2964;;Ch;D;12.1;0.8;0.6;0.5808;F;100;;;RG;sur enrochement;384;;57;;;;8806;cp;2016;5;29000
53;1;53;387;386;;386;2965;;Bc;D;21.7;3.2;0.7;4.8608;F;80;10;10;RD;;385;;57;;;;8806;cp;2016;5;29000
54;1;54;388;387;;387;2966;;Pl;D;10.3;4.7;1.1;5.3251;M;90;5;5;RD;;386;;57;;;;8806;cp;2016;5;29000
55;1;55;389;388;;388;2967;;Bc;D;5.3;1;0.3;0.159;M;95;5;;RD;;387;;57;;;;8806;cp;2016;5;29000
56;1;56;390;389;;389;2969;;Bc;D;4.1;2.8;0.3;0.3444;F;95;5;;RD;;388;;57;;;;8806;cp;2016;5;29000
57;1;57;391;390;;390;2970;;Bc;D;16.5;2.3;0.7;2.6565;M;90;5;5;C;;389;;58;;;;8806;cp;2016;5;29500
58;1;58;392;391;;391;2971;;Ch;P;21.3;1.2;0.8;2.0448;F;80;10;10;RD;;390;;58;;;;8806;cp;2016;5;29500
59;1;59;393;392;;392;;;Bc;D;22.6;16.7;1.3;49.0646;E;90;5;5;C;;391;;57;;;;8806;cp;2016;5;29000
60;1;60;394;393;;393;2972;;Bc;D;34.8;25.6;1.2;106.9056;E;90;5;5;C;;392;;57;;;;8806;cp;2016;5;29000
61;1;61;395;394;;394;2973;;Ch;M;16;2.1;0.8;2.688;F;80;10;10;RD;;393;;57;;;;8806;cp;2016;5;29000
62;1;62;396;395;;395;2974;;Pl;D;10.2;3.5;0.7;2.499;M;90;10;;RD;;394;;58;;;;8806;cp;2016;5;29500
63;1;63;397;396;;396;2975;;Pl;D;17.9;2.5;0.3;1.3425;F;90;10;;RD;;395;;58;;;;8806;cp;2016;5;29500
64;1;64;398;397;;397;2976;;Bc;D;7.4;1;0.6;0.444;F;100;;;RD;;396;;59;;;;8806;cp;2016;5;30000
65;1;65;399;398;;398;2977;;Pl;D;12.3;2.3;0.8;2.2632;F;90;10;;RD;;397;;59;;;;8806;cp;2016;5;30000
66;1;66;400;399;;399;2978;;Pl;D;30;3;0.9;8.1;F;90;10;;RD;;398;;59;;;;8806;cp;2016;5;30000
67;1;67;401;400;;400;2979;;Bc;D;12;5;1.5;9;M;90;10;;RD;;399;;59;;;;8806;cp;2016;5;30000
68;1;68;402;401;;401;2980;;Pl;D;31;2.7;0.7;5.859;F;90;10;;RD;;400;;59;;;;8806;cp;2016;5;30000
69;1;69;403;402;;402;2981;;Ch;D;80.7;12.8;2.5;258.24;E;90;10;;RG;;401;;59;;;;8806;cp;2016;5;30000
70;1;70;404;403;;403;2982;;Ch;D;25.4;8.5;2.2;47.498;E;95;5;;RG;;402;;59;;;;8806;cp;2016;5;30000
71;1;71;405;404;;404;2983;;Pl;D;9.4;4.5;2.6;10.998;E;90;5;5;RG;;403;;59;;;;8806;cp;2016;5;30000
72;1;72;406;405;;405;2984;;Pl;D;43.5;2.5;1.3;14.1375;F;90;5;5;RG;;404;;59;;;;8806;cp;2016;5;30000
73;1;73;407;406;;406;2985;;Bc;D;24.7;18.8;1.3;60.3668;E;90;5;5;RG;;405;;59;;;;8806;cp;2016;5;30000
74;1;74;408;407;;407;2986;;Pl;D;9.9;2.6;1.1;2.8314;F;85;5;10;RG;;406;;59;;;;8806;cp;2016;5;30000
75;1;75;409;408;;408;2986;;Bc;D;40.4;9;1.2;43.632;M;90;5;5;RG;;407;;59;;;;8806;cp;2016;5;30000
76;1;76;410;409;;409;2987;;Pl;D;13.8;2.9;0.8;3.2016;F;90;;10;RG;;408;;59;;;;8806;cp;2016;5;30000
77;1;77;411;410;;410;2988;;Pl;D;10.6;2.3;1.1;2.6818;F;95;;5;RG;;409;;60;;;;8806;cp;2016;5;30500
78;1;78;412;411;;411;2989;;Pl;D;35;13.5;0.8;37.8;M;95;5;;RG;;410;;60;;;;8806;cp;2016;5;30500
79;1;79;413;412;;412;;;Bc;D;13.2;0.6;0.8;0.6336;F;95;;5;RG;;411;;60;;;;8806;cp;2016;5;30500
80;1;80;414;413;;413;2990;;Bc;D;8.2;3.5;0.7;2.009;M;90;10;;RG;;412;;60;;;;8806;cp;2016;5;30500
81;1;81;415;414;;414;2991;;Bc;D;12;2.6;1.5;4.68;F;85;5;10;RG;;413;;60;;;;8806;cp;2016;5;30500
82;1;82;416;415;;415;2992;;Ch;D;165.7;22.3;1.4;517.3154;E;90;5;5;RD;;414;;60;;;;8806;cp;2016;5;30500
83;1;83;417;416;;416;2993;;Bc;D;7.2;3.7;0.5;1.332;F;90;5;5;RG;;415;;60;;;;8806;cp;2016;5;30500
84;1;84;418;417;;417;;;Ch;D;21.6;2.5;1.3;7.02;F;80;10;10;RG;;416;;61;;;;8806;cp;2016;5;31000
85;1;85;419;418;;418;2994;;Ch;D;40;4;0.7;11.2;F;100;;;RG;Enfouie;417;;61;;;;8806;cp;2016;5;31000
86;1;86;1;1;;1;2537;;Pl;D;12.9;13.1;1.6;27.0384;E;90;5;5;RD;;1;;17;;;;8806;cp;2016;5;9000
87;1;87;2;2;;2;2538;;Pl;D;60;8;1.2;57.6;E;90;10;;RD;;2;;17;;;;8806;cp;2016;5;9000
88;1;88;3;3;;3;2539;;Pl;D;17.5;6.5;1.2;13.65;M;85;15;;RD;;3;;17;;;;8806;cp;2016;5;9000
89;1;89;4;4;;4;2540;;Bc;D;13;1.6;1;2.08;F;100;;;RD;;4;;18;;;;8806;cp;2016;5;9500
90;1;90;5;5;;5;2541;;Bc;D;29;21;1;60.9;M;90;10;;C;;5;;18;;;;8806;cp;2016;5;9500
91;1;91;6;6;;6;2542;;Bc;D;26.7;4.2;0.6;6.7284;F;95;5;;C;;6;;18;;;;8806;cp;2016;5;9500
92;1;92;7;7;;7;2543;;Bc;D;37;0.7;0.7;1.813;F;95;5;;C;;7;;18;;;;8806;cp;2016;5;9500
93;1;93;8;8;;8;2544;;Bc;D;51.3;1.7;0.8;6.9768;M;95;5;;C;;8;;18;;;;8806;cp;2016;5;9500
94;1;94;9;9;;9;2545;;Bc;M;32;3.4;0.7;7.616;F;90;10;;C;;9;;18;;;;8806;cp;2016;5;9500
95;1;95;10;10;;10;2546;;Bc;M;47.5;25.2;1.5;179.55;M;90;5;5;C;;10;;18;;;;8806;cp;2016;5;9500
96;1;96;11;11;;11;2547;;Bc;D;39;20.4;1.1;87.516;M;90;10;;C;;11;;18;;;;8806;cp;2016;5;9500
97;1;97;12;12;;12;2548;;Bc;M;22;8;0.8;14.08;F;90;10;;C;;12;;18;;;;8806;cp;2016;5;9500
98;1;98;13;13;;13;2549;;Ch;M;10.4;5.3;1.4;7.7168;F;85;10;5;RG;;13;;18;;;;8806;cp;2016;5;9500
99;1;99;14;14;;14;2550;;Bc;D;32.8;17.4;2;114.144;E;90;5;5;C;366.86;14;;18;;;;8806;cp;2016;5;9500
100;1;100;15;15;;15;;;Bc;M;52;27;1.8;252.72;F;90;10;;C;occupe une portion du chenal secondaire;15;;19;;;;8806;cp;2016;5;10000
101;1;101;16;16;;16;2553;;Ch;D;17.3;6.9;2;23.874;M;90;5;5;RD;;16;;19;;;;8806;cp;2016;5;10000
102;1;102;17;17;;17;2554;;Ch;D;34;9.3;1.4;44.268;M;90;10;;RG;;17;;19;;;;8806;cp;2016;5;10000
103;1;103;18;18;;18;2555;;Bc;M;29.2;19.3;1;56.356;F;90;10;;RG;;18;;19;;;;8806;cp;2016;5;10000
104;1;104;420;419;;419;2995;;Ch;M;20.3;2.3;0.9;4.2021;F;90;5;5;RG;;418;;62;;;;8806;cp;2016;5;31500
105;1;105;421;420;;420;2996;;Bc;D;10.5;2.8;1.1;3.234;F;95;;5;RD;;419;;62;;;;8806;cp;2016;5;31500
106;1;106;422;421;;421;2997;;Ch;M;24.6;5.2;1.6;20.4672;M;80;10;10;RG;;420;;63;;;;8806;cp;2016;5;32000
107;1;107;423;422;;422;2998;;Ch;M;41;6.2;1.8;45.756;E;90;5;5;RG;;421;;63;;;;8806;cp;2016;5;32000
108;1;108;424;423;;423;2999;;Ch;M;28.5;5.2;1.8;26.676;M;80;10;10;RG;;422;;63;;;;8806;cp;2016;5;32000
109;1;109;425;424;;424;3000;;Pl;M;36.5;2.2;0.7;5.621;F;80;10;10;RG;;423;;63;;;;8806;cp;2016;5;32000
110;1;110;426;425;;425;3001;;Bc;D;10.6;4.3;1;4.558;F;90;5;5;RD;;424;;63;;;;8806;cp;2016;5;32000
111;1;111;427;426;;426;3002;;Bc;D;22.2;11.2;1.6;39.7824;M;80;10;10;RD;;425;;63;;;;8806;cp;2016;5;32000
112;1;112;428;427;;427;3003;;Bc;D;10.1;1.8;0.4;0.7272;F;100;;;RD;;426;;63;;;;8806;cp;2016;5;32000
113;1;113;429;428;;428;3004;;Bc;D;10.2;2.1;1;2.142;F;90;5;5;RD;;427;;63;;;;8806;cp;2016;5;32000
114;1;114;430;429;;429;3005;;Bc;D;7;2.2;0.8;1.232;F;80;10;10;RD;;428;;63;;;;8806;cp;2016;5;32000
115;1;115;431;430;;430;3007;;Bc;D;22.5;2.8;0.7;4.41;F;90;10;;RD;;429;;63;;;;8806;cp;2016;5;32000
116;1;116;432;431;;431;3008;;Pl;D;9.2;2.8;1.1;2.8336;F;90;5;5;RD;;430;;63;;;;8806;cp;2016;5;32000
117;1;117;433;432;;432;3009;;Bc;D;35.7;15.9;2.2;124.8786;E;90;5;5;RD;;431;;64;;;;8806;cp;2016;5;32500
118;1;118;434;433;;433;3010;;Bc;D;19;4.8;1.4;12.768;M;95;;5;RG;;432;;63;;;;8806;cp;2016;5;32000
119;1;119;435;434;;434;3011;;Bc;D;4.7;3.3;0.6;0.9306;F;100;;;RG;;433;;64;;;;8806;cp;2016;5;32500
120;1;120;436;435;;435;3012;;Bc;D;6.7;2.4;0.7;1.1256;F;90;5;5;RG;;434;;64;;;;8806;cp;2016;5;32500
121;1;121;437;436;;436;;;Bc;D;5.3;5.5;0.7;2.0405;F;100;;;RG;;435;;64;;;;8806;cp;2016;5;32500
122;1;122;438;437;;437;3013;;Bc;D;14.1;3.8;0.9;4.8222;M;95;;5;RG;;436;;64;;;;8806;cp;2016;5;32500
123;1;123;439;438;;438;3014;;Bc;D;5.6;0.8;0.2;0.0896;F;100;;;RG;;437;;64;;;;8806;cp;2016;5;32500
124;1;124;440;439;;439;3015;;Ch;D;42;25.7;2.8;302.232;E;90;5;5;RG;TI;438;;64;;;;8806;cp;2016;5;32500
125;1;125;441;440;;440;3016;;Bc;D;6.5;10;2.5;16.25;E;80;10;10;RG;TI;439;;64;;;;8806;cp;2016;5;32500
126;1;126;442;441;;441;3017;;Pl;D;8.2;4.1;1.5;5.043;M;95;5;;RD;Enfouie;440;;64;;;;8806;cp;2016;5;32500
127;1;127;443;442;;442;3018;;Pl;D;48.8;20.3;1.9;188.2216;E;90;5;5;RG;;441;;64;;;;8806;cp;2016;5;32500
128;1;128;444;443;;443;3019;;Bc;D;14;4.8;0.9;6.048;M;90;5;5;RG;;442;;65;;;;8806;cp;2016;5;33000
129;1;129;445;444;;444;3020;;Bc;P;14.2;4.9;1;6.958;F;80;10;10;RG;;443;;65;;;;8806;cp;2016;5;33000
130;1;130;446;445;;445;3021;;Ch;D;11.5;6.1;0.9;6.3135;M;80;10;10;RD;;444;;65;;;;8806;cp;2016;5;33000
131;1;131;447;446;;446;3022;;Bc;D;20.7;4.8;1.5;14.904;E;90;5;5;RD;;445;;66;;;;8806;cp;2016;5;33500
132;1;132;448;447;;447;3023;;Bc;D;37.5;14;1.6;84;E;80;10;10;RD;;446;;66;;;;8806;cp;2016;5;33500
133;1;133;449;448;;448;3024;;Bc;D;14.6;5.3;1.1;8.5118;F;80;10;10;RG;;447;;66;;;;8806;cp;2016;5;33500
134;1;134;450;449;;449;3025;;Bc;D;14.9;3;1.5;6.705;M;90;5;5;RG;;448;;66;;;;8806;cp;2016;5;33500
135;1;135;451;450;;450;3026;;Ch;P;37;3;1.7;18.87;M;80;10;10;RD;;449;;66;;;;8806;cp;2016;5;33500
136;1;136;452;451;;451;3027;;Ch;M;14.4;3.4;1.4;6.8544;F;90;5;5;RD;;450;;66;;;;8806;cp;2016;5;33500
137;1;137;453;452;;452;3028;;Pl;D;6.5;6.7;1.1;4.7905;M;90;5;5;RG;;451;;66;;;;8806;cp;2016;5;33500
138;1;138;454;453;;453;3029;;Bc;D;10.1;2;0.8;1.616;F;95;;5;RG;;452;;66;;;;8806;cp;2016;5;33500
139;1;139;455;454;;454;3030;;Ch;M;32;6.2;1.8;35.712;E;80;10;10;RG;Enfouie;453;;67;;;;8806;cp;2016;5;34000
140;1;140;456;455;;455;3031;;Ch;D;26;6.8;1.4;24.752;E;90;5;5;RG;;454;;67;;;;8806;cp;2016;5;34000
141;1;141;457;456;;456;3032;;Bc;D;8.5;3.4;1;2.89;F;90;5;5;RG;;455;;67;;;;8806;cp;2016;5;34000
142;1;142;458;457;;457;3033;;Pl;D;12;8;1.6;15.36;E;90;5;5;RD;;456;;67;;;;8806;cp;2016;5;34000
143;1;143;459;458;;458;3034;;Bc;D;9.6;2.3;1.1;2.4288;F;95;5;;RD;;457;;67;;;;8806;cp;2016;5;34000
144;1;144;460;459;;459;3035;;Bc;D;6.3;3;1.4;2.646;F;90;5;5;RD;;458;;67;;;;8806;cp;2016;5;34000
145;1;145;461;460;;460;;;Bc;D;5.7;2;0.6;0.684;F;90;5;5;RD;;459;;67;;;;8806;cp;2016;5;34000
146;1;146;462;461;;461;3036;;Ch;D;11.5;9.2;0.9;9.522;F;90;5;5;RG;;460;;67;;;;8806;cp;2016;5;34000
147;1;147;463;462;;462;;;Bc;D;7.7;2.3;0.5;0.8855;F;100;;;RD;;461;;67;;;;8806;cp;2016;5;34000
148;1;148;464;463;;463;3037;;Bc;D;21;2.3;0.7;3.381;F;95;5;;RD;;462;;67;;;;8806;cp;2016;5;34000
149;1;149;465;464;;464;3038;;Pl;M;9;2.5;0.8;1.8;F;80;10;10;RG;;463;;67;;;;8806;cp;2016;5;34000
150;1;150;467;465;;465;3040;;Bc;D;15.8;7.3;1.6;18.4544;E;90;5;5;RG;;465;;67;;;;8806;cp;2016;5;34000
151;1;151;468;466;;466;3041;;Ch;P;24;2.2;0.8;4.224;F;80;10;10;RD;;466;;67;;;;8806;cp;2016;5;34000
152;1;152;469;467;;467;3042;;Bc;D;1.1;6;0.3;0.198;F;95;;5;RG;;467;;66;;;;8806;cp;2016;5;33500
153;1;153;470;468;;468;3043;;Bc;D;26.7;6;1.2;19.224;M;80;10;10;RG;;468;;66;;;;8806;cp;2016;5;33500
154;1;154;471;469;;469;3044;;Bc;D;20.4;1.8;0.8;2.9376;F;90;5;5;C;Enfouie;469;;66;;;;8806;cp;2016;5;33500
155;1;155;472;470;;470;3045;;Bc;D;3.6;1.5;0.9;0.486;F;90;10;;RG;;470;;68;;;;8806;cp;2016;5;34500
156;1;156;473;471;;471;3046;;Ch;D;9.3;6.5;1.5;9.0675;F;100;;;RG;;471;;68;;;;8806;cp;2016;5;34500
157;1;157;474;472;;472;;;Bc;D;6;2.3;0.4;0.552;F;90;10;;RG;;472;;68;;;;8806;cp;2016;5;34500
158;1;158;475;473;;473;;;Ch;D;9;20;1;18;M;90;10;;RD;;473;;68;;;;8806;cp;2016;5;34500
159;1;159;476;474;;474;3047;;Ch;M;54.8;3;0.9;14.796;M;70;10;20;RG;Enfouie;474;;68;;;;8806;cp;2016;5;34500
160;1;160;477;475;;475;3048;;Ch;D;48;7;1.9;63.84;E;90;5;5;RD;;475;;68;;;;8806;cp;2016;5;34500
161;1;161;478;476;;476;3049;;Bc;D;22.6;7.5;1.7;28.815;E;80;10;10;RD;;476;;68;;;;8806;cp;2016;5;34500
162;1;162;479;477;;477;3050;;Ch;D;1.9;3.6;0.6;0.4104;M;100;;;RG;;477;;68;;;;8806;cp;2016;5;34500
163;1;163;480;478;;478;3051;;Ch;M;9.3;2.7;1.1;2.7621;M;90;5;5;RG;;478;;68;;;;8806;cp;2016;5;34500
164;1;164;481;479;;479;3052;;Ch;D;24.5;2.9;1.4;9.947;M;90;5;5;RD;Enfouie;479;;68;;;;8806;cp;2016;5;34500
165;1;165;482;480;;480;3053;;Ch;M;23;4.2;0.9;8.694;F;90;5;5;RG;;480;;69;;;;8806;cp;2016;5;35000
166;1;166;483;481;;481;3054;;Bc;D;9.2;2;0.9;1.656;F;90;5;5;RD;;481;;69;;;;8806;cp;2016;5;35000
167;1;167;484;482;;482;3055;;Bc;D;10.4;1.5;0.9;1.404;F;90;5;5;RD;;482;;69;;;;8806;cp;2016;5;35000
168;1;168;485;483;;483;3056;;Ch;M;14.8;2.1;0.7;2.1756;F;90;5;5;RG;;483;;69;;;;8806;cp;2016;5;35000
169;1;169;486;484;;484;3057;;Bc;D;10.4;4;0.4;1.664;F;90;10;;RD;Enfouie;484;;69;;;;8806;cp;2016;5;35000
170;1;170;487;485;;485;3058;;Bc;D;10.4;3.2;0.8;2.6624;M;90;10;;RD;Enfouie;485;;69;;;;8806;cp;2016;5;35000
171;1;171;488;486;;486;3059;;Bc;D;10.3;2.2;0.6;1.3596;F;100;;;RD;;486;;69;;;;8806;cp;2016;5;35000
172;1;172;489;487;;487;3060;;Bc;D;12.4;2.7;0.6;2.0088;M;90;10;;RD;;487;;69;;;;8806;cp;2016;5;35000
173;1;173;490;488;;488;3061;;Ch;D;16;1.2;0.5;0.96;F;90;5;5;RG;;488;;69;;;;8806;cp;2016;5;35000
174;1;174;491;489;;489;3062;;Ch;D;12.5;4.2;0.8;4.2;M;89;10;10;RG;;489;;70;;;;8806;cp;2016;5;35500
175;1;175;492;490;;490;3063;;Ch;D;11;3.7;1;4.07;M;90;5;5;RG;;490;;70;;;;8806;cp;2016;5;35500
176;1;176;493;491;;491;3064;;Ch;D;12.16;6.2;1.1;8.29312;M;80;10;10;RD;;491;;71;;;;8806;cp;2016;5;36000
177;1;177;494;492;;492;3065;;Ch;M;7;6.1;0.8;3.416;M;80;10;10;RD;;492;;71;;;;8806;cp;2016;5;36000
178;1;178;495;493;;493;3066;;Ch;D;19;4.8;1.3;11.856;M;90;5;5;RD;a vérifier drone;493;;71;;;;8806;cp;2016;5;36000
179;1;179;496;494;;494;;;Ch;D;160;40;1.9;1216;M;90;5;5;RD;;494;;71;;;;8806;cp;2016;5;36000
180;1;180;497;495;;495;3069;;Ch;D;9;16;0.8;11.52;F;90;5;5;RD;;495;;71;;;;8806;cp;2016;5;36000
181;1;181;498;496;;496;3070;;Ch;D;15.2;3.6;1;5.472;M;80;10;10;RG;;496;;72;;;;8806;cp;2016;5;36500
182;1;182;499;497;;497;3071;;Ch;D;8;3.1;0.8;1.984;M;95;;5;RD;;497;;72;;;;8806;cp;2016;5;36500
183;1;183;500;498;;498;3072;;Ch;D;7.8;4.8;0.8;2.9952;M;90;5;5;RD;;498;;72;;;;8806;cp;2016;5;36500
184;1;184;501;499;;499;3073;;Bc;D;32;6.1;0.9;17.568;M;95;5;;RD;;499;;72;;;;8806;cp;2016;5;36500
185;1;185;502;500;;500;3074;;Bc;D;57;16;0.8;72.96;M;90;5;5;RD;;500;;72;;;;8806;cp;2016;5;36500
186;1;186;503;501;;501;3075;;Ch;D;2;13.8;0.8;2.208;M;90;5;5;RD;;501;;73;;;;8806;cp;2016;5;37000
187;1;187;19;19;;19;2556;;Bc;D;24.6;6.2;0.4;6.1008;F;95;5;;RD;;19;;;;;;8806;cp;2016;5;500
188;1;188;20;20;;20;2557;;Ch;P;32.6;2;1.4;9.128;F;90;5;5;RG;;20;;;;;;8806;cp;2016;5;500
189;1;189;21;21;;21;2558;;Bc;P;3.3;17;0.6;3.366;M;95;5;;RG;;21;;;;;;8806;cp;2016;5;500
190;1;190;22;22;;22;2559;;Bc;P;19.2;2.2;0.4;1.6896;F;90;5;5;RG;;22;;1;;;;8806;cp;2016;5;1000
191;1;191;23;23;;23;2560;;Ch;P;18;0.6;0.8;0.864;F;100;;;RG;;23;;1;;;;8806;cp;2016;5;1000
192;1;192;24;24;;24;2561;;Ch;M;22.4;3.9;1.3;11.3568;M;85;10;5;RD;;24;;2;;;;8806;cp;2016;5;1500
193;1;193;25;25;;25;2562;;Ch;M;37;0.3;1.4;1.554;E;85;10;5;RD;;25;;2;;;;8806;cp;2016;5;1500
194;1;194;26;26;;26;2563;;Bc;D;12.6;1.2;0.7;1.0584;F;95;5;;C;;26;;2;;;;8806;cp;2016;5;1500
195;1;195;27;27;;27;2564;;Bc;P;21.7;0.6;0.6;0.7812;F;95;;5;C;;27;;2;;;;8806;cp;2016;5;1500
196;1;196;28;28;;28;2565;;Bc;P;18.8;1.1;0.8;1.6544;F;95;5;;C;;28;;2;;;;8806;cp;2016;5;1500
197;1;197;29;29;;29;2566;;Ch;P;18.6;4.7;1.5;13.113;F;95;5;;RD;;29;;3;;;;8806;cp;2016;5;2000
198;1;198;30;30;;30;2567;;Ch;P;8;2.3;1;1.84;E;90;5;5;RG;;30;;2;;;;8806;cp;2016;5;1500
199;1;199;31;31;;31;2568;;Ch;P;21.8;4.8;1.6;16.7424;M;85;10;5;RG;;31;;3;;;;8806;cp;2016;5;2000
200;1;200;32;32;;32;2569;;Ch;P;10.9;3.3;1.4;5.0358;F;95;5;;RD;;32;;3;;;;8806;cp;2016;5;2000
201;1;201;33;33;;33;2570;;Bc;P;1.8;17.6;0.7;2.2176;F;95;5;;RD;;33;;3;;;;8806;cp;2016;5;2000
202;1;202;34;34;;34;2571;;Ch;P;16;1.4;0.9;2.016;F;90;5;5;RD;;34;;4;;;;8806;cp;2016;5;2500
203;1;203;35;35;;35;2572;;Pl;M;13.2;3.1;1.6;6.5472;M;90;10;;RD;;35;;4;;;;8806;cp;2016;5;2500
204;1;204;36;36;;36;2573;;Pl;D;20.3;5.3;1.6;17.2144;M;90;10;;RD;;36;;4;;;;8806;cp;2016;5;2500
205;1;205;37;37;;37;2574;;Pl;D;25.6;6.5;1.8;29.952;E;90;10;;RD;;37;;4;;;;8806;cp;2016;5;2500
206;1;206;38;38;;38;2575;;Ch;D;30;1.8;0.4;2.16;F;95;5;;RG;;38;;4;;;;8806;cp;2016;5;2500
207;1;207;39;39;;39;2576;;Pl;P;17.1;3.2;1;5.472;M;85;10;5;RG;;39;;4;;;;8806;cp;2016;5;2500
208;1;208;40;40;;40;2577;;Pl;P;11.8;4.7;1.3;7.2098;M;85;10;5;RG;;40;;4;;;;8806;cp;2016;5;2500
209;1;209;41;41;;41;2578;;Bc;D;10;3.6;1.3;4.68;M;90;5;5;RD;;41;;4;;;;8806;cp;2016;5;2500
210;1;210;42;42;;42;2579;;Bc;D;5.4;26.1;1.4;19.7316;M;90;10;;RG;;42;;4;;;;8806;cp;2016;5;2500
211;1;211;43;43;;43;2580;;Bc;D;15.2;2.5;0.7;2.66;F;95;5;;RG;;43;;5;;;;8806;cp;2016;5;3000
212;1;212;44;44;;44;2581;;Pl;D;14.6;3;0.8;3.504;F;90;5;5;RD;;44;;5;;;;8806;cp;2016;5;3000
213;1;213;45;45;;45;2582;;Pl;P;25.8;1.8;1.3;6.0372;F;90;5;5;RD;;45;;7;;;;8806;cp;2016;5;4000
214;1;214;46;46;;46;2583;;Pl;D;10.6;2.5;0.2;0.53;M;95;5;;RD;;46;;7;;;;8806;cp;2016;5;4000
215;1;215;47;47;;47;2584;;Bc;M;20.7;2.8;0.8;4.6368;F;95;5;;RD;;47;;7;;;;8806;cp;2016;5;4000
216;1;216;48;48;;48;2585;;Ch;M;30.6;8;1.4;34.272;M;90;10;;RD;;48;;7;;;;8806;cp;2016;5;4000
217;1;217;49;49;;49;2586;;Pl;M;32;6;1.3;24.96;M;90;10;;RD;;49;;7;;;;8806;cp;2016;5;4000
218;1;218;50;50;;50;2587;;Pl;D;26.7;6.3;1.4;23.5494;M;90;10;;RD;;50;;7;;;;8806;cp;2016;5;4000
219;1;219;51;51;;51;2588;;Bc;M;14.5;13;1.6;30.16;M;90;10;;RD;;51;;7;;;;8806;cp;2016;5;4000
220;1;220;52;52;;52;2589;;Bc;D;15.5;3.8;1.7;10.013;F;95;5;;RD;;52;;7;;;;8806;cp;2016;5;4000
221;1;221;53;53;;53;2590;;Bc;D;5.7;18;0.9;9.234;F;90;10;;RD;;53;;7;;;;8806;cp;2016;5;4000
222;1;222;54;54;;54;2591;;Bc;D;7;12.5;1.2;10.5;M;95;5;;RD;;54;;7;;;;8806;cp;2016;5;4000
223;1;223;55;55;;55;2592;;Ch;D;19;5.8;1;11.02;E;85;15;;RD;;55;;8;;;;8806;cp;2016;5;4500
224;1;224;56;56;;56;2593;;Bc;D;9;24.6;1.4;30.996;M;90;5;5;RD;;56;;8;;;;8806;cp;2016;5;4500
225;1;225;57;57;;57;2594;;Ch;P;12;1.8;0.6;1.296;F;95;;5;RD;;57;;8;;;;8806;cp;2016;5;4500
226;1;226;58;58;;58;2595;;Bc;D;13;30.3;1.4;55.146;M;90;10;;RD;;58;;8;;;;8806;cp;2016;5;4500
227;1;227;59;59;;59;2596;;Bc;D;5.7;27.6;1.3;20.4516;F;90;5;5;RD;;59;;9;;;;8806;cp;2016;5;5000
228;1;228;60;60;;60;2597;;Bc;D;8.2;3;0.5;1.23;M;90;10;;RD;;60;;9;;;;8806;cp;2016;5;5000
229;1;229;61;61;;61;2598;;Bc;D;8.6;14.2;1.4;17.0968;E;90;10;;RD;;61;;9;;;;8806;cp;2016;5;5000
230;1;230;62;62;;62;2599;;Pl;D;7;8.4;1.9;11.172;E;90;10;;RD;;62;;9;;;;8806;cp;2016;5;5000
231;1;231;63;63;;63;2603;;Bc;M;15.6;9.5;1.5;22.23;M;90;5;5;RD;;63;;11;;;;8806;cp;2016;5;6000
232;1;232;64;64;;64;2604;;Pl;M;13;7;1.2;10.92;M;95;5;;RG;;64;;11;;;;8806;cp;2016;5;6000
233;1;233;65;65;;65;2605;;Pl;M;46.4;4.2;1.2;23.3856;F;90;10;;RG;;65;;11;;;;8806;cp;2016;5;6000
234;1;234;66;66;;66;2606;;Pl;M;59.2;5.7;1.4;47.2416;M;90;10;;RG;;66;;11;;;;8806;cp;2016;5;6000
235;1;235;67;67;;67;2607;;Ch;M;35.8;5.2;1.6;29.7856;E;90;5;5;RG;;67;;11;;;;8806;cp;2016;5;6000
236;1;236;68;68;;68;2608;;Ch;P;21.1;4.2;1;8.862;M;90;5;5;RG;;68;;11;;;;8806;cp;2016;5;6000
237;1;237;69;69;;69;2609;;Pl;M;18;2.3;1.2;4.968;M;90;10;;RG;;69;;11;;;;8806;cp;2016;5;6000
238;1;238;70;70;;70;2610;;Pl;M;43;4;1.6;27.52;M;85;10;5;RG;;70;;11;;;;8806;cp;2016;5;6000
239;1;239;71;71;;71;2611;;Pl;D;19.3;9;0.6;10.422;F;95;5;;RG;;71;;12;;;;8806;cp;2016;5;6500
240;1;240;72;72;;72;2612;;Pl;D;13.7;2.3;0.6;1.8906;F;95;5;;RG;;72;;12;;;;8806;cp;2016;5;6500
241;1;241;73;73;;73;2613;;Pl;D;7;5.3;0.7;2.597;M;90;10;;RG;;73;;12;;;;8806;cp;2016;5;6500
242;1;242;74;74;;74;2614;;Pl;D;50.6;9.6;0.4;19.4304;F;90;5;5;RG;;74;;12;;;;8806;cp;2016;5;6500
243;1;243;75;75;;75;2615;;Ch;M;18;2.5;1.2;5.4;F;90;5;;RD;;75;;12;;;;8806;cp;2016;5;6500
244;1;244;76;76;;76;2616;;Ch;M;30.7;3.4;1;10.438;F;90;10;;RD;;76;;12;;;;8806;cp;2016;5;6500
245;1;245;77;77;;77;2617;;Pl;D;18;3;0.6;3.24;M;80;10;10;RD;;77;;12;;;;8806;cp;2016;5;6500
246;1;246;78;78;;78;2618;;Bc;P;17.2;2.5;1;4.3;F;90;5;5;RG;;78;;12;;;;8806;cp;2016;5;6500
247;1;247;79;79;;79;2619;;Pl;D;18.3;3;0.8;4.392;F;95;5;;RG;;79;;12;;;;8806;cp;2016;5;6500
248;1;248;80;80;;80;2620;;Pl;D;26.2;7.6;0.6;11.9472;F;90;10;;RG;;80;;12;;;;8806;cp;2016;5;6500
249;1;249;81;81;;81;2621;;Pl;D;18.5;3.1;0.7;4.0145;M;90;10;;Rg;;81;;12;;;;8806;cp;2016;5;6500
250;1;250;82;82;;82;;;Ch;M;121;9.2;2.1;233.772;E;80;15;5;RD;;82;;12;;;;8806;cp;2016;5;6500
251;1;251;179;179;;179;2723;;Pl;P;9;1.1;0.5;0.495;F;90;5;5;RG;;179;;32;;;;8806;cp;2016;5;16500
252;1;252;180;180;;180;2724;;Bc;P;10.3;4.5;0.6;2.781;M;85;10;5;RG;;180;;32;;;;8806;cp;2016;5;16500
253;1;253;181;181;;181;2725;;Bc;D;7.1;6.1;0.8;3.4648;M;90;10;;RG;;181;;32;;;;8806;cp;2016;5;16500
254;1;254;182;182;;182;2726;;Bc;P;8;0.5;0.3;0.12;F;95;5;9;RG;;182;;32;;;;8806;cp;2016;5;16500
255;1;255;183;183;;183;2727;;Ch;P;23.8;1.5;1;3.57;M;90;5;5;RD;;183;;32;;;;8806;cp;2016;5;16500
256;1;256;184;184;;184;2728;;Bc;P;11.3;2.5;1;2.825;F;90;5;5;RG;;184;;33;;;;8806;cp;2016;5;17000
257;1;257;185;185;;185;2729;;Bc;M;12.6;5.3;1.2;8.0136;M;85;10;5;RG;;185;;33;;;;8806;cp;2016;5;17000
258;1;258;186;186;;186;2730;;Bc;P;18;7.5;1;13.5;M;90;5;5;C;;186;;33;;;;8806;cp;2016;5;17000
259;1;259;187;187;;187;2731;;Bc;P;19;6.3;0.7;8.379;F;90;5;5;RG;;187;;33;;;;8806;cp;2016;5;17000
260;1;260;188;188;;188;2732;;Ch;M;38;8.5;1.8;58.14;E;90;10;;rG;100 CS;188;;33;;;;8806;cp;2016;5;17000
261;1;261;189;189;;189;2733;;Pl;M;12;2.4;1.4;4.032;M;90;20;;RG;;189;;33;;;;8806;cp;2016;5;17000
262;1;262;190;190;;190;2734;;Bc;D;14.2;2.5;0.7;2.485;F;95;;5;C;;190;;33;;;;8806;cp;2016;5;17000
263;1;263;191;191;;191;2735;;Bc;P;13.8;4.5;1.8;11.178;M;90;5;5;RD;;191;;34;;;;8806;cp;2016;5;17500
264;1;264;192;192;;192;2736;;Bc;D;15.5;2.4;0.4;1.488;F;95;5;;RD;;192;;34;;;;8806;cp;2016;5;17500
265;1;265;193;193;;193;2737;;Bc;D;27.4;1.6;0.6;2.6304;E;90;10;;RD;;193;;34;;;;8806;cp;2016;5;17500
266;1;266;194;194;;194;2738;;Bc;D;6.2;5.4;0.9;3.0132;F;95;5;;RD;;194;;34;;;;8806;cp;2016;5;17500
267;1;267;195;195;;195;2739;;Bc;D;11;1.7;0.8;1.496;M;95;5;;RG;;195;;34;;;;8806;cp;2016;5;17500
268;1;268;196;196;;196;2740;;Bc;P;19;6.7;0.7;8.911;F;90;5;5;RD;;196;;35;;;;8806;cp;2016;5;18000
269;1;269;197;197;;197;2741;;Pl;P;10.7;5.2;1.9;10.5716;M;95;5;;RD;;197;;35;;;;8806;cp;2016;5;18000
270;1;270;198;198;;198;2742;;Pl;D;6.1;1.1;1;0.671;M;90;10;;RG;;198;;35;;;;8806;cp;2016;5;18000
271;1;271;199;199;;199;2743;;Bc;M;60;4;1.5;36;E;85;10;5;RG;;199;;35;;;;8806;cp;2016;5;18000
272;1;272;200;200;;200;2744;;Pl;M;12;3.5;1.5;6.3;E;90;10;;RG;;200;;35;;;;8806;cp;2016;5;18000
273;1;273;201;201;;201;2747;;Pl;M;17.4;6.1;1.5;15.921;E;90;10;;RG;;201;;35;;;;8806;cp;2016;5;18000
274;1;274;202;202;;202;2748;;Ch;M;43.6;8.7;1.7;64.4844;E;85;10;5;RG;;202;;36;;;;8806;cp;2016;5;18500
275;1;275;203;203;;203;2749;;Pl;P;9.3;3.1;1.4;4.0362;M;90;10;;RD;;203;;35;;;;8806;cp;2016;5;18000
276;1;276;204;204;;204;2750;;Pl;D;7.7;2;0.9;1.386;M;90;10;;RD;;204;;36;;;;8806;cp;2016;5;18500
277;1;277;205;205;;205;2751;;Bc;M;5.8;2.1;0.3;0.3654;F;95;5;;RD;;205;;36;;;;8806;cp;2016;5;18500
278;1;278;206;206;;206;2752;;Pl;D;8.3;1.4;0.7;0.8134;F;95;5;;RD;;206;;36;;;;8806;cp;2016;5;18500
279;1;279;207;207;;207;2753;;Pl;M;6.4;3.4;1;2.176;M;95;5;;RD;;207;;36;;;;8806;cp;2016;5;18500
280;1;280;208;208;;208;2754;;Ch;M;43.8;9.6;1.5;63.072;E;80;20;;RG;Correspond à 370 en 2019 d'un volume de 339;208;;36;;;;8806;cp;2016;5;18500
281;1;281;209;209;;209;2755;;Pl;M;51.7;9.6;2.5;124.08;E;85;15;;RG;267.55;209;;36;;;;8806;cp;2016;5;18500
282;1;282;210;210;;210;2756;;Ch;P;24.6;2.9;0.8;5.7072;M;90;10;;RD;;210;;36;;;;8806;cp;2016;5;18500
283;1;283;211;211;;211;2757;;Ch;M;17.3;3;1.1;5.709;F;85;10;5;RD;;211;;36;;;;8806;cp;2016;5;18500
284;1;284;212;212;;212;2758;;Ch;P;20.1;5.1;1;10.251;F;85;10;5;RD;;212;;37;;;;8806;cp;2016;5;19000
285;1;285;213;213;;213;2759;;Ch;P;10.8;0.6;1.1;0.7128;F;90;5;5;RD;;213;;37;;;;8806;cp;2016;5;19000
286;1;286;214;214;;214;2760;;Ch;P;32;4.4;1.3;18.304;M;85;10;5;RD;;214;;37;;;;8806;cp;2016;5;19000
287;1;287;215;215;;215;2761;;Pl;M;22.9;5;1.6;18.32;M;95;5;;RD;;215;;37;;;;8806;cp;2016;5;19000
288;1;288;216;216;;216;2762;;Bc;M;27.7;24.9;1;68.973;E;90;10;;RD;;216;;37;;;;8806;cp;2016;5;19000
289;1;289;217;217;;217;2763;;Bc;D;10.3;6.2;1;6.386;F;95;5;;RD;;217;;37;;;;8806;cp;2016;5;19000
290;1;290;218;218;;218;2764;;Bc;P;11.7;0.9;1;1.053;M;95;5;;RD;;218;;37;;;;8806;cp;2016;5;19000
291;1;291;219;219;;219;2765;;Bc;D;14.4;1.4;0.6;1.2096;M;90;10;;RD;;219;;37;;;;8806;cp;2016;5;19000
292;1;292;220;220;;220;2766;;Bc;D;10;1.4;0.8;1.12;E;90;10;;RD;;220;;37;;;;8806;cp;2016;5;19000
293;1;293;221;221;;221;2767;;Bc;P;16.4;2.3;1.3;4.9036;M;90;10;;RD;;221;;37;;;;8806;cp;2016;5;19000
294;1;294;222;222;;222;2768;;Bc;P;7.1;2.4;0.8;1.3632;F;90;5;5;C;;222;;38;;;;8806;cp;2016;5;19500
295;1;295;223;223;;223;2769;;Ch;P;22.2;1.8;1.4;5.5944;F;90;5;5;RG;;223;;38;;;;8806;cp;2016;5;19500
296;1;296;224;224;;224;2770;;Bc;D;4.6;23.3;0.7;7.5026;F;90;10;;C;;224;;38;;;;8806;cp;2016;5;19500
297;1;297;225;225;;225;2771;;Bc;P;14.6;7.8;0.5;5.694;F;90;5;5;C;;225;;38;;;;8806;cp;2016;5;19500
298;1;298;226;226;;226;2772;;Pl;D;4.8;1.5;0.8;0.576;M;100;;;RD;;226;;39;;;;8806;cp;2016;5;20000
299;1;299;227;227;;227;2773;;Bc;M;28.1;2;0.9;5.058;M;90;5;5;C;;227;;39;;;;8806;cp;2016;5;20000
300;1;300;228;228;;228;2774;;Bc;D;14;9.3;1.2;15.624;F;90;10;;C;;228;;39;;;;8806;cp;2016;5;20000
301;1;301;229;229;;229;2775;;Pl;D;6.5;10.1;0.6;3.939;M;95;5;;C;;229;;39;;;;8806;cp;2016;5;20000
302;1;302;230;230;;230;2776;;Ch;P;4;1.4;0.6;0.336;E;85;15;;RG;;230;;39;;;;8806;cp;2016;5;20000
303;1;303;231;231;;231;2777;;Ch;P;14.3;2.6;1.2;4.4616;M;90;10;;RG;;231;;39;;;;8806;cp;2016;5;20000
304;1;304;232;232;;232;2778;;Ch;P;16;2.2;0.4;1.408;F;90;5;5;RG;;232;;39;;;;8806;cp;2016;5;20000
305;1;305;233;233;;233;2779;;Bc;P;16.5;1.5;0.4;0.99;F;95;5;;C;;233;;41;;;;8806;cp;2016;5;21000
306;1;306;234;234;;234;2780;;Pl;P;21;3.4;1.2;8.568;F;90;5;5;RD;;234;;41;;;;8806;cp;2016;5;21000
307;1;307;235;235;;235;2781;;Ch;P;9.8;2.5;1;2.45;M;95;5;;RD;;235;;42;;;;8806;cp;2016;5;21500
308;1;308;236;236;;236;2782;;Ch;M;6;3.5;1;2.1;M;80;20;;RG;;236;;43;;;;8806;cp;2016;5;22000
309;1;309;237;237;;237;2783;;Ch;M;9.8;2.2;1.2;2.5872;M;90;10;;RG;;237;;43;;;;8806;cp;2016;5;22000
310;1;310;238;238;;238;2784;;Bc;M;20.3;18.5;2;75.11;E;90;10;;C;;238;;43;;;;8806;cp;2016;5;22000
311;1;311;239;239;;239;2785;;Bc;P;10;1.4;0.7;0.98;F;95;5;;C;;239;;43;;;;8806;cp;2016;5;22000
312;1;312;240;240;;240;2786;;Bc;M;10.8;2.4;0.4;1.0368;F;95;5;;C;;240;;44;;;;8806;cp;2016;5;22500
313;1;313;241;241;;241;2787;;Bc;P;9.6;0.9;0.3;0.2592;F;95;5;;C;;241;;44;;;;8806;cp;2016;5;22500
314;1;314;242;242;;242;2788;;Bc;P;56.5;1.5;0.6;5.085;F;100;;;RD;;242;;44;;;;8806;cp;2016;5;22500
315;1;315;243;243;;243;2789;;Bc;M;54.5;31.4;1.3;222.469;E;90;5;5;RG;;243;;44;;;;8806;cp;2016;5;22500
316;1;316;244;244;;244;2790;;Bc;P;5.6;1.5;0.8;0.672;F;90;5;5;RD;;244;;44;;;;8806;cp;2016;5;22500
317;1;317;245;245;;245;2791;;Bc;P;20.7;1.3;1;2.691;F;95;5;;RD;;245;;44;;;;8806;cp;2016;5;22500
318;1;318;246;246;;246;2792;;Bc;D;18.8;1.5;1;2.82;M;90;5;5;RD;;246;;45;;;;8806;cp;2016;5;23000
319;1;319;247;247;;247;2793;;Ch;P;21.3;4.6;1.4;13.7172;M;90;5;5;RG;;247;;45;;;;8806;cp;2016;5;23000
320;1;320;248;248;;248;2794;;Bc;P;17.3;1.8;1;3.114;F;95;5;;C;;248;;45;;;;8806;cp;2016;5;23000
321;1;321;249;249;;249;2795;;Pl;M;6.3;3;1.5;2.835;M;90;10;;RG;;249;;46;;;;8806;cp;2016;5;23500
322;1;322;250;250;;250;2796;;Pl;M;7.7;4;1.6;4.928;M;95;5;;RG;;250;;46;;;;8806;cp;2016;5;23500
323;1;323;251;251;;251;2797;;Pl;P;18.4;1.4;0.9;2.3184;M;100;;;RG;;251;;46;;;;8806;cp;2016;5;23500
324;1;324;252;252;;252;2798;;Ch;D;4.9;1.7;0.5;0.4165;M;90;10;;RD;;252;;46;;;;8806;cp;2016;5;23500
325;1;325;253;253;;253;2799;;Ch;P;9.4;2.6;0.8;1.9552;M;90;5;5;RD;;253;;46;;;;8806;cp;2016;5;23500
326;1;326;254;254;;254;2800;;Ch;P;26;2.6;0.9;6.084;M;95;5;;RD;;254;;47;;;;8806;cp;2016;5;24000
327;1;327;255;255;;255;2801;;Ch;P;12;2;0.3;0.72;F;90;5;5;RD;;255;;47;;;;8806;cp;2016;5;24000
328;1;328;256;256;;256;2802;;Bc;P;12.8;1.5;0.9;1.728;M;90;10;;RG;;256;;47;;;;8806;cp;2016;5;24000
329;1;329;257;257;;257;2803;;Bc;D;19.2;2.2;0.6;2.5344;M;75;25;;RG;;257;;47;;;;8806;cp;2016;5;24000
330;1;330;258;258;;258;2804;;Bc;P;21.5;8.3;0.9;16.0605;F;90;5;5;C;;258;;47;;;;8806;cp;2016;5;24000
331;1;331;259;259;;259;2805;;Bc;P;10.9;2;0.7;1.526;F;95;5;;C;;259;;47;;;;8806;cp;2016;5;24000
332;1;332;260;260;;260;2806;;Bc;D;21.3;1.2;0.9;2.3004;F;100;;;C;;260;;47;;;;8806;cp;2016;5;24000
333;1;333;261;261;;261;2807;;Bc;P;16.4;2.5;0.5;2.05;F;90;5;5;C;;261;;47;;;;8806;cp;2016;5;24000
334;1;334;262;262;;262;2808;;Ch;M;17;2.2;1.1;4.114;F;90;5;5;RG;;262;;47;;;;8806;cp;2016;5;24000
335;1;335;263;263;;263;2809;;Ch;M;46;130;2;1196;E;85;10;5;RD;100% du chenal secondaire (camp);263;;47;;;;8806;cp;2016;5;24000
336;1;336;264;264;;264;2810;;Ch;P;9;1.4;1;1.26;M;85;10;5;RD;;264;;48;;;;8806;cp;2016;5;24500
337;1;337;265;265;;265;2811;;Ch;P;15;2.4;0.9;3.24;M;90;10;;RD;;265;;48;;;;8806;cp;2016;5;24500
338;1;338;266;266;;266;2812;;Ch;P;9.8;2.4;1.3;3.0576;F;90;5;5;RD;;266;;48;;;;8806;cp;2016;5;24500
339;1;339;267;267;;267;2813;;Bc;P;42.8;0.9;0.6;2.3112;F;95;5;;RD;;267;;48;;;;8806;cp;2016;5;24500
340;1;340;268;268;;268;2814;;Bc;P;13;2.5;0.7;2.275;F;95;5;;RD;;268;;48;;;;8806;cp;2016;5;24500
341;1;341;269;269;;269;2815;;Ch;P;13.4;2.4;1.1;3.5376;F;90;5;5;RD;;269;;49;;;;8806;cp;2016;5;25000
342;1;342;270;270;;270;2816;;Ch;D;16;2.6;1.4;5.824;E;90;10;;RG;;270;;49;;;;8806;cp;2016;5;25000
343;1;343;271;271;;271;2817;;Pl;D;9.8;3.9;1.1;4.2042;F;100;;;RG;;271;;49;;;;8806;cp;2016;5;25000
344;1;344;272;272;;272;2818;;Pl;M;9.5;7;1.5;9.975;M;95;5;;RG;;272;;49;;;;8806;cp;2016;5;25000
345;1;345;273;273;;273;2819;;Pl;P;13.1;2.3;0.7;2.1091;M;85;10;5;RG;;273;;49;;;;8806;cp;2016;5;25000
346;1;346;274;274;;274;2820;;Ch;P;21.8;2.5;0.7;3.815;F;95;;5;RG;;274;;49;;;;8806;cp;2016;5;25000
347;1;347;275;275;;275;2822;;Pl;M;39.5;4.4;1.9;33.022;E;90;10;;RG;stop chalet rouge;275;;49;;;;8806;cp;2016;5;25000
348;1;348;277;277;;277;2823;;Bc;D;8.8;1.2;0.7;0.7392;F;95;5;;RG;;276;;19;;;;8806;cp;2016;5;10000
349;1;349;278;278;;278;2824;;Bc;D;20;2.2;1.1;4.84;M;90;5;5;RG;;277;;19;;;;8806;cp;2016;5;10000
350;1;350;279;279;;279;2825;;Bc;D;24.4;4.3;1;10.492;M;90;5;5;RG;;278;;19;;;;8806;cp;2016;5;10000
351;1;351;280;280;;280;2826;;Bc;D;20;6;0.9;10.8;F;90;5;5;RG;;279;;19;;;;8806;cp;2016;5;10000
352;1;352;281;281;;281;2827;;Bc;D;13.7;1.4;0.4;0.7672;F;95;;5;RG;;280;;19;;;;8806;cp;2016;5;10000
353;1;353;282;282;;282;2828;;Bc;D;23.8;7;0.9;14.994;M;85;5;10;RG;;281;;19;;;;8806;cp;2016;5;10000
354;1;354;283;283;;283;2829;;Bc;D;24;7;0.8;13.44;F;90;5;5;RG;;282;;19;;;;8806;cp;2016;5;10000
355;1;355;284;284;;284;2830;;Pl;D;33;6.8;1.5;33.66;E;90;5;5;RD;;283;;19;;;;8806;cp;2016;5;10000
356;1;356;285;285;;285;2831;;Ch;D;31.8;9.4;1.8;53.8056;E;95;;5;RD;;284;;19;;;;8806;cp;2016;5;10000
357;1;357;286;286;;286;2832;;Pl;D;23;5.8;0.8;10.672;M;95;;5;RD;;285;;19;;;;8806;cp;2016;5;10000
358;1;358;287;287;;287;2833;;Pl;D;24;2.8;0.6;4.032;F;90;5;5;RD;;286;;19;;;;8806;cp;2016;5;10000
359;1;359;288;288;;288;2834;;Bc;D;29;6.3;0.5;9.135;F;90;5;5;RG;;287;;19;;;;8806;cp;2016;5;10000
360;1;360;289;289;;289;2835;;Bc;D;13.4;2.6;0.9;3.1356;M;80;10;10;RG;;288;;19;;;;8806;cp;2016;5;10000
361;1;361;290;290;;290;2836;;Bc;D;12.4;0.6;0.3;0.2232;F;100;;;RG;;289;;19;;;;8806;cp;2016;5;10000
362;1;362;292;291;;291;2838;;Bc;D;9.1;1.9;0.5;0.8645;F;95;5;;RG;;291;;20;;;;8806;cp;2016;5;10500
363;1;363;293;292;;292;2839;;Ch;D;28.7;6.8;0.9;17.5644;M;90;5;5;RD;;292;;20;;;;8806;cp;2016;5;10500
364;1;364;294;293;;293;2840;;Ch;D;38;3.4;1.2;15.504;M;95;5;;RD;;293;;20;;;;8806;cp;2016;5;10500
365;1;365;295;294;;294;2841;;Bc;D;9.7;18.8;1.7;31.0012;E;90;5;5;RG;;294;;20;;;;8806;cp;2016;5;10500
366;1;366;296;295;;295;2842;;Bc;D;9.2;12.3;0.6;6.7896;F;90;5;5;RG;;295;;20;;;;8806;cp;2016;5;10500
367;1;367;297;296;;296;2843;;Bc;D;41.5;20.5;0.7;59.5525;M;90;5;5;RD;;296;;20;;;;8806;cp;2016;5;10500
368;1;368;298;297;;297;2844;;Bc;D;17.1;4.5;0.6;4.617;F;95;;5;RD;;297;;20;;;;8806;cp;2016;5;10500
369;1;369;299;298;;298;2845;;Bc;D;22.3;5;1.1;12.265;F;90;;10;RD;;298;;20;;;;8806;cp;2016;5;10500
370;1;370;300;299;;299;2846;;Bc;D;19;5;0.9;8.55;F;95;;5;RD;;299;;20;;;;8806;cp;2016;5;10500
371;1;371;301;300;;300;2847;;Bc;D;24;1.4;0.7;2.352;F;95;;5;RD;;300;;20;;;;8806;cp;2016;5;10500
372;1;372;302;301;;301;2848;;Bc;D;16;4.6;0.7;5.152;M;85;15;;RD;;301;;20;;;;8806;cp;2016;5;10500
373;1;373;303;302;;302;2849;;Bc;D;11.8;4.7;0.8;4.4368;F;90;5;5;RD;;302;;20;;;;8806;cp;2016;5;10500
374;1;374;304;303;;303;2850;;Bc;D;26;22;1.1;62.92;M;90;5;5;RD;;303;;20;;;;8806;cp;2016;5;10500
375;1;375;305;304;;304;2851;;Bc;D;3;7;0.4;0.84;F;95;;5;RD;;304;;20;;;;8806;cp;2016;5;10500
376;1;376;306;305;;305;2852;;Bc;D;22.5;11.2;1.3;32.76;F;90;5;5;RG;;305;;20;;;;8806;cp;2016;5;10500
377;1;377;307;306;;306;2853;;Pl;D;13.6;22.3;1.3;39.4264;E;90;5;5;RG;;306;;20;;;;8806;cp;2016;5;10500
378;1;378;308;307;;307;2854;;Bc;D;34.8;8.3;0.8;23.1072;E;90;5;5;RG;;307;;20;;;;8806;cp;2016;5;10500
379;1;379;309;308;;308;2855;;Bc;D;9.4;11;0.9;9.306;E;95;5;;RG;;308;;20;;;;8806;cp;2016;5;10500
380;1;380;310;309;;309;2856;;Bc;D;14;14.6;0.8;16.352;M;90;5;5;RG;;309;;21;;;;8806;cp;2016;5;11000
381;1;381;311;310;;310;2857;;Bc;D;15.7;5.9;0.8;7.4104;F;90;5;5;RG;;310;;21;;;;8806;cp;2016;5;11000
382;1;382;312;311;;311;2858;;Pl;D;54.4;6.8;1.8;66.5856;E;90;5;5;RG;entrée CS;311;;21;;;;8806;cp;2016;5;11000
383;1;383;313;312;;312;2859;;Bc;D;23.7;2.6;0.6;3.6972;F;90;5;5;RG;;312;;21;;;;8806;cp;2016;5;11000
384;1;384;314;313;;313;2860;;Bc;D;14.8;17.8;1;26.344;E;95;10;5;RG;;313;;21;;;;8806;cp;2016;5;11000
385;1;385;315;314;;314;2861;;Ch;D;32;21;1.9;127.68;E;90;5;5;RD;;314;;21;;;;8806;cp;2016;5;11000
386;1;386;316;315;;315;2862;;Pl;D;4.2;6;0.7;1.764;M;95;5;;RG;;315;;21;;;;8806;cp;2016;5;11000
387;1;387;317;316;;316;2863;;Bc;D;26;16.8;2;87.36;E;90;5;5;RD;entrée CS;316;;21;;;;8806;cp;2016;5;11000
388;1;388;318;317;;317;2864;;Bc;D;21.2;10.5;1.1;24.486;E;90;5;5;RD;TI;317;;21;;;;8806;cp;2016;5;11000
389;1;389;319;318;;318;2865;;Pl;D;22;17;1;37.4;F;90;;10;RD;;318;;21;;;;8806;cp;2016;5;11000
390;1;390;320;319;;319;2866;;Bc;D;8.9;1.3;0.4;0.4628;F;95;5;;RD;;319;;21;;;;8806;cp;2016;5;11000
391;1;391;321;320;;320;2867;;Ch;M;10;2.3;0.7;1.61;F;90;5;5;RG;;320;;22;;;;8806;cp;2016;5;11500
392;1;392;322;321;;321;2868;;Bc;P;23.4;4.2;1.1;10.8108;M;80;10;10;RD;;321;;22;;;;8806;cp;2016;5;11500
393;1;393;323;322;;322;2869;;Ch;M;5.1;1.5;0.7;0.5355;F;90;5;5;RG;;322;;22;;;;8806;cp;2016;5;11500
394;1;394;324;323;;323;2870;;Pl;D;121.2;9.2;1.3;144.9552;F;90;5;5;RD;;323;;22;;;;8806;cp;2016;5;11500
395;1;395;325;324;;324;2871;;Pl;M;51.7;12.1;1.8;112.6026;E;90;5;5;RD;;324;;22;;;;8806;cp;2016;5;11500
396;1;396;326;325;;325;2872;;Bc;D;35;29.5;1.4;144.55;E;90;5;5;RD;;325;;22;;;;8806;cp;2016;5;11500
397;1;397;328;328;;328;2874;;Ch;D;21.2;9.1;1.6;30.8672;E;95;5;;RD;;326;;22;;;;8806;cp;2016;5;11500
398;1;398;329;329;;329;2877;;Bc;D;22;21.2;1;46.64;E;90;5;5;RG;;327;;22;;;;8806;cp;2016;5;11500
399;1;399;84;84;;84;2626;;Ch;M;15.4;5.2;1.6;12.8128;M;90;10;;RG;;84;;13;;;;8806;cp;2016;5;7000
400;1;400;85;85;;85;2627;;Bc;D;10.9;0.9;0.8;0.7848;F;85;10;5;RD;;85;;13;;;;8806;cp;2016;5;7000
401;1;401;86;86;;86;2628;;Ch;D;7.4;1.9;1;1.406;M;80;20;;RG;;86;;14;;;;8806;cp;2016;5;7500
402;1;402;87;87;;87;2629;;Ch;D;13.9;1.4;0.6;1.1676;M;80;20;;RD;;87;;14;;;;8806;cp;2016;5;7500
403;1;403;88;88;;88;2630;;Ch;D;14.5;1.7;0.6;1.479;F;100;;;C;;88;;14;;;;8806;cp;2016;5;7500
404;1;404;89;89;;89;2631;;Ch;P;12;4.1;0.5;2.46;F;95;5;;RD;;89;;14;;;;8806;cp;2016;5;7500
405;1;405;90;90;;90;2632;;Ch;D;11.3;5.1;1;5.763;M;90;10;;RG;;90;;14;;;;8806;cp;2016;5;7500
406;1;406;91;91;;91;2633;;Ch;D;3.2;7;0.8;1.792;E;90;10;;RG;;91;;14;;;;8806;cp;2016;5;7500
407;1;407;92;92;;92;2634;;Bc;M;11.3;4.7;1.1;5.8421;M;90;10;;RG;;92;;14;;;;8806;cp;2016;5;7500
408;1;408;93;93;;93;2635;;Bc;M;11.7;2.2;0.8;2.0592;M;90;10;;RG;;93;;15;;;;8806;cp;2016;5;8000
409;1;409;94;94;;94;2636;;Ch;M;9.7;2.8;2.1;5.7036;M;90;5;5;RG;;94;;15;;;;8806;cp;2016;5;8000
410;1;410;95;95;;95;2637;;Bc;M;25.6;5.1;2;26.112;M;90;5;5;RG;;95;;15;;;;8806;cp;2016;5;8000
411;1;411;96;96;;96;2638;;Bc;P;13.7;1.9;0.8;2.0824;F;90;5;5;RD;;96;;15;;;;8806;cp;2016;5;8000
412;1;412;98;98;;98;2640;;Pl;P;14.6;4.2;1.2;7.3584;F;90;10;;RD;;98;;15;;;;8806;cp;2016;5;8000
413;1;413;99;99;;99;2641;;Pl;P;18.4;9;1;16.56;F;90;5;5;RD;;99;;15;;;;8806;cp;2016;5;8000
414;1;414;100;100;;100;2642;;Ch;P;7.6;4;0.7;2.128;M;90;10;;RD;;100;;16;;;;8806;cp;2016;5;8500
415;1;415;101;101;;101;2643;;Ch;D;2.6;5.4;1.2;1.6848;E;75;25;;RD;;101;;16;;;;8806;cp;2016;5;8500
416;1;416;102;102;;102;2644;;Ch;D;16;3.8;1.3;7.904;M;90;10;;RD;;102;;16;;;;8806;cp;2016;5;8500
417;1;417;103;103;;103;2645;;Ch;D;24.5;6.8;1;16.66;M;90;10;;RD;;103;;16;;;;8806;cp;2016;5;8500
418;1;418;104;104;;104;2646;;Ch;D;9.8;4.5;1;4.41;M;95;5;;RD;;104;;16;;;;8806;cp;2016;5;8500
419;1;419;105;105;;105;2647;;Bc;P;12.4;1.8;1.3;2.9016;M;95;5;;RD;;105;;16;;;;8806;cp;2016;5;8500
420;1;420;106;106;;106;2648;;Bc;M;31.1;16.3;1.5;76.0395;M;90;5;5;RD;;106;;16;;;;8806;cp;2016;5;8500
421;1;421;107;107;;107;2649;;Bc;M;12;9.3;1;11.16;M;95;5;;C;;107;;16;;;;8806;cp;2016;5;8500
422;1;422;108;108;;108;2650;;Bc;P;16.7;2;0.9;3.006;F;95;5;;C;;108;;16;;;;8806;cp;2016;5;8500
423;1;423;109;109;;109;2651;;Bc;M;13;13.8;1;17.94;M;90;10;;RD;;109;;22;;;;8806;cp;2016;5;11500
424;1;424;110;110;;110;2652;;Bc;P;27.5;4.5;1.4;17.325;M;90;5;5;RD;;110;;23;;;;8806;cp;2016;5;12000
425;1;425;111;111;;111;2653;;Pl;D;11.3;1.8;0.3;0.6102;E;70;30;;RD;;111;;23;;;;8806;cp;2016;5;12000
426;1;426;112;112;;112;2654;;Ch;P;24.8;0.7;0.7;1.2152;F;90;5;5;RD;;112;;23;;;;8806;cp;2016;5;12000
427;1;427;113;113;;113;2655;;Ch;P;30.2;2;1.1;6.644;F;85;10;5;RG;;113;;23;;;;8806;cp;2016;5;12000
428;1;428;114;114;;114;2656;;Ch;P;10.8;2.4;1.5;3.888;E;80;20;;RG;;114;;23;;;;8806;cp;2016;5;12000
429;1;429;115;115;;115;2657;;Pl;P;19.2;3.4;1.3;8.4864;F;95;5;;RD;;115;;24;;;;8806;cp;2016;5;12500
430;1;430;116;116;;116;2658;;Bc;P;28.4;10.6;0.5;15.052;F;90;5;5;RD;;116;;24;;;;8806;cp;2016;5;12500
431;1;431;117;117;;117;2659;;Bc;P;36.4;0.4;0.3;0.4368;F;95;5;;RD;;117;;24;;;;8806;cp;2016;5;12500
432;1;432;118;118;;118;2660;;Ch;D;19.2;7.3;0.8;11.2128;M;95;5;;RD;;118;;25;;;;8806;cp;2016;5;13000
433;1;433;119;119;;119;2661;;Ch;D;10.1;13.5;1;13.635;M;100;;;RD;;119;;25;;;;8806;cp;2016;5;13000
434;1;434;120;120;;120;2662;;Pl;D;6.9;4.2;1.8;5.2164;M;90;10;;RG;;120;;25;;;;8806;cp;2016;5;13000
435;1;435;121;121;;121;2663;;Pl;D;11.6;3.5;1;4.06;M;95;5;;RG;;121;;25;;;;8806;cp;2016;5;13000
436;1;436;122;122;;122;2664;;Ch;M;9.1;2.2;1.7;3.4034;M;85;10;5;RG;;122;;25;;;;8806;cp;2016;5;13000
437;1;437;123;123;;123;2665;;Ch;P;10.3;1.3;0.7;0.9373;M;90;10;;RD;;123;;25;;;;8806;cp;2016;5;13000
438;1;438;124;124;;124;2666;;Ch;P;5.5;0.9;0.2;0.099;F;100;;;RD;;124;;25;;;;8806;cp;2016;5;13000
439;1;439;125;125;;125;2667;;Ch;M;9.3;0.9;0.7;0.5859;M;95;5;;RD;;125;;25;;;;8806;cp;2016;5;13000
440;1;440;126;126;;126;2668;;Bc;P;19.2;3.1;0.8;4.7616;F;90;5;5;RG;;126;;26;;;;8806;cp;2016;5;13500
441;1;441;127;127;;127;2669;;Bc;P;12.4;1.7;1;2.108;F;85;10;5;RG;;127;;26;;;;8806;cp;2016;5;13500
442;1;442;128;128;;128;2670;;Pl;P;8.9;1.3;0.4;0.4628;F;100;;;RG;;128;;26;;;;8806;cp;2016;5;13500
443;1;443;129;129;;129;2671;;Bc;D;9.8;2.4;0.7;1.6464;F;80;15;5;RG;;129;;26;;;;8806;cp;2016;5;13500
444;1;444;130;130;;130;2672;;Bc;M;12.1;3;0.7;2.541;F;90;5;5;RG;;130;;26;;;;8806;cp;2016;5;13500
445;1;445;131;131;;131;2673;;Bc;D;15.6;2.5;0.4;1.56;M;90;5;5;RG;;131;;26;;;;8806;cp;2016;5;13500
446;1;446;132;132;;132;2674;;Bc;P;11.9;3.8;0.5;2.261;F;90;5;5;RG;;132;;26;;;;8806;cp;2016;5;13500
447;1;447;133;133;;133;2675;;Ch;P;12;0.8;0.4;0.384;F;95;5;;RD;;133;;26;;;;8806;cp;2016;5;13500
448;1;448;134;134;;134;2676;;Ch;P;9.8;1.8;0.8;1.4112;F;90;5;5;RD;;134;;26;;;;8806;cp;2016;5;13500
449;1;449;135;135;;135;;;Bc;M;53.2;25.4;1.1;148.6408;M;85;10;5;C;;135;;26;;;;8806;cp;2016;5;13500
450;1;450;136;136;;136;2679;;Bc;M;27.7;29.3;0.8;64.9288;M;90;5;5;C;;136;;26;;;;8806;cp;2016;5;13500
451;1;451;137;137;;137;2680;;Bc;M;20.5;14.7;0.9;27.1215;F;90;10;;RD;;137;;26;;;;8806;cp;2016;5;13500
452;1;452;138;138;;138;2681;;Bc;M;25.8;4.6;1.3;15.4284;F;95;5;;RD;;138;;26;;;;8806;cp;2016;5;13500
453;1;453;139;139;;139;2682;;Bc;P;10.5;4.5;0.9;4.2525;F;90;10;;RD;;139;;26;;;;8806;cp;2016;5;13500
454;1;454;140;140;;140;2683;;Bc;P;20.8;6.4;1;13.312;F;95;5;;RD;;140;;27;;;;8806;cp;2016;5;14000
455;1;455;141;141;;141;2684;;Bc;D;20.4;2.7;0.8;4.4064;M;95;5;;RD;;141;;27;;;;8806;cp;2016;5;14000
456;1;456;142;142;;142;2685;;Bc;P;19.8;5.6;0.8;8.8704;F;90;5;5;RD;;142;;27;;;;8806;cp;2016;5;14000
457;1;457;143;143;;143;2686;;Bc;D;16;2;0.4;1.28;F;95;5;;RD;;143;;27;;;;8806;cp;2016;5;14000
458;1;458;144;144;;144;2687;;Bc;M;35.9;5.4;1;19.386;F;90;10;;C;;144;;27;;;;8806;cp;2016;5;14000
459;1;459;145;145;;145;2688;;Bc;D;12;2.7;0.9;2.916;F;95;5;;RG;;145;;27;;;;8806;cp;2016;5;14000
460;1;460;146;146;;146;2689;;Bc;P;9.5;2.7;0.3;0.7695;F;95;5;;C;;146;;27;;;;8806;cp;2016;5;14000
461;1;461;147;147;;147;2690;;Bc;P;14.3;2.4;0.5;1.716;F;95;5;;RD;;147;;27;;;;8806;cp;2016;5;14000
462;1;462;148;148;;148;2691;;Bc;P;21;2.9;0.9;5.481;F;90;5;5;RD;;148;;27;;;;8806;cp;2016;5;14000
463;1;463;149;149;;149;2692;;Ch;D;9;3;1;2.7;E;70;30;;RD;;149;;27;;;;8806;cp;2016;5;14000
464;1;464;150;150;;150;2693;;Bc;D;24.2;4.3;1.2;12.4872;E;85;10;5;RD;;150;;27;;;;8806;cp;2016;5;14000
465;1;465;151;151;;151;2694;;Ch;D;6.2;2.7;1;1.674;M;90;10;;RD;;151;;27;;;;8806;cp;2016;5;14000
466;1;466;152;152;;152;2695;;Bc;M;18;4.6;0.9;7.452;M;90;10;;RG;;152;;27;;;;8806;cp;2016;5;14000
467;1;467;153;153;;153;2696;;Bc;P;17.8;3.2;0.6;3.4176;F;95;5;;RG;;153;;27;;;;8806;cp;2016;5;14000
468;1;468;154;154;;154;2697;;Bc;D;12.7;2.7;0.6;2.0574;F;95;5;;RG;;154;;27;;;;8806;cp;2016;5;14000
469;1;469;155;155;;155;2698;;Bc;D;12;2.3;0.3;0.828;F;90;10;;RG;;155;;27;;;;8806;cp;2016;5;14000
470;1;470;156;156;;156;2699;;Bc;P;17.3;2.7;0.3;1.4013;F;95;5;;RG;;156;;27;;;;8806;cp;2016;5;14000
471;1;471;157;157;;157;2700;;Bc;P;24.5;16;0.5;19.6;F;95;5;;RG;;157;;27;;;;8806;cp;2016;5;14000
472;1;472;158;158;;158;2701;;Bc;M;16.6;3;0.5;2.49;F;90;5;5;RD;;158;;27;;;;8806;cp;2016;5;14000
473;1;473;159;159;;159;2702;;Bc;D;5.5;2.6;0.4;0.572;F;90;10;;RD;;159;;27;;;;8806;cp;2016;5;14000
474;1;474;160;160;;160;2703;;Bc;D;4.8;1.6;0.4;0.3072;F;95;5;;RD;;160;;27;;;;8806;cp;2016;5;14000
475;1;475;161;161;;161;2704;;Bc;M;7.8;1.5;1;1.17;M;80;20;;RD;;161;;28;;;;8806;cp;2016;5;14500
476;1;476;162;162;;162;;;Pl;M;61;3;1.2;21.96;M;85;10;5;RD;;162;;28;;;;8806;cp;2016;5;14500
477;1;477;163;163;;163;2707;;Ch;M;6.4;4.7;0.8;2.4064;M;95;5;;RG;;163;;28;;;;8806;cp;2016;5;14500
478;1;478;164;164;;164;2708;;Ch;P;14.3;0.7;0.4;0.4004;F;100;;;RD;;164;;29;;;;8806;cp;2016;5;15000
479;1;479;165;165;;165;2709;;Ch;M;9.3;1;0.3;0.279;F;90;5;5;RG;;165;;30;;;;8806;cp;2016;5;15500
480;1;480;166;166;;166;2710;;Ch;P;14;0.8;0.3;0.336;F;90;5;5;RD;;166;;30;;;;8806;cp;2016;5;15500
481;1;481;167;167;;167;2711;;Bc;M;18;15.8;0.7;19.908;M;90;10;;RG;;167;;31;;;;8806;cp;2016;5;16000
482;1;482;168;168;;168;2712;;Bc;M;36.3;4.3;0.9;14.0481;F;90;10;;RG;;168;;31;;;;8806;cp;2016;5;16000
483;1;483;169;169;;169;2713;;Bc;P;15.2;3.1;0.7;3.2984;M;95;5;;RG;;169;;31;;;;8806;cp;2016;5;16000
484;1;484;170;170;;170;2714;;Bc;D;20;2;0.7;2.8;F;95;5;;RG;;170;;31;;;;8806;cp;2016;5;16000
485;1;485;171;171;;171;2715;;Bc;D;5.1;2;0.5;0.51;F;100;;;RD;;171;;31;;;;8806;cp;2016;5;16000
486;1;486;172;172;;172;2716;;Ch;M;10.5;2.4;1.5;3.78;E;60;40;;RG;100 CS;172;;31;;;;8806;cp;2016;5;16000
487;1;487;173;173;;173;2717;;Ch;P;27;2;0.6;3.24;F;90;5;;RG;;173;;31;;;;8806;cp;2016;5;16000
488;1;488;174;174;;174;2718;;Bc;P;10.7;5.5;0.7;4.1195;F;95;;5;RD;;174;;32;;;;8806;cp;2016;5;16500
489;1;489;175;175;;175;2719;;Ch;M;8.4;2;0.7;1.176;F;100;;;RG;;175;;32;;;;8806;cp;2016;5;16500
490;1;490;176;176;;176;2720;;Pl;P;11;2;0.9;1.98;F;95;5;;RG;;176;;32;;;;8806;cp;2016;5;16500
491;1;491;177;177;;177;2721;;Ch;P;16;1.5;1.8;4.32;M;90;5;5;RG;;177;;32;;;;8806;cp;2016;5;16500
492;1;492;178;178;;178;2722;;Ch;M;42.4;4;1.2;20.352;M;80;20;;RG;;178;;32;;;;8806;cp;2016;5;16500
493;1;493;332;332;;332;2878;;Bc;D;60;21.3;1.8;230.04;E;90;5;5;RG;;330;;22;;;;8806;cp;2016;5;11500
